id,from_id,to_id,roles
0,1,0,['Neo']
1,2,0,['Trinity']
2,3,0,['Morpheus']
3,4,0,['Agent Smith']
7,8,0,['Emil']
8,1,9,['Neo']
9,2,9,['Trinity']
10,3,9,['Morpheus']
11,4,9,['Agent Smith']
15,1,10,['Neo']
16,2,10,['Trinity']
17,3,10,['Morpheus']
18,4,10,['Agent Smith']
22,1,11,['Kevin Lomax']
23,12,11,['Mary Ann Lomax']
24,13,11,['John Milton']
26,16,15,['Lt. Daniel Kaffee']
27,17,15,['Col. Nathan R. Jessup']
28,18,15,['Lt. Cdr. JoAnne Galloway']
29,19,15,['Capt. Jack Ross']
30,20,15,['Lt. Jonathan Kendrick']
31,21,15,['Cpl. Jeffrey Barnes']
32,22,15,['Cpl. Carl Hammaker']
33,23,15,['Lt. Sam Weinberg']
34,24,15,['Lt. Col. Matthew Andrew Markinson']
35,25,15,['Pfc. Louden Downey']
36,26,15,['Dr. Stone']
37,28,15,['Man in Bar']
40,16,29,['Maverick']
41,30,29,['Charlie']
42,31,29,['Iceman']
43,32,29,['Goose']
44,33,29,['Viper']
45,34,29,['Carole']
48,16,37,['Jerry Maguire']
49,22,37,['Rod Tidwell']
50,38,37,['Dorothy Boyd']
51,39,37,['Avery Bishop']
52,40,37,['Frank Cushman']
53,41,37,['Bob Sugar']
54,42,37,['Laurel Boyd']
55,43,37,['Marcee Tidwell']
56,44,37,['Ray Boyd']
60,49,46,['Gordie Lachance']
61,47,46,['Chris Chambers']
62,40,46,['Vern Tessio']
63,48,46,['Teddy Duchamp']
64,50,46,['Denny Lachance']
65,20,46,['Ace Merrill']
66,51,46,['Mr. Lachance']
68,17,52,['Melvin Udall']
69,53,52,['Carol Connelly']
70,54,52,['Simon Bishop']
71,22,52,['Frank Sachs']
73,60,56,['Chris Nielsen']
74,22,56,['Albert Lewis']
75,57,56,['Annie Collins-Nielsen']
76,58,56,['The Tracker']
77,59,56,['The Face']
79,63,62,['Ishmael Chambers']
80,64,62,['Kazuo Miyamoto']
81,58,62,['Nels Gudmundsson']
82,65,62,['Judge Fielding']
84,71,67,['Joe Fox']
85,34,67,['Kathleen Kelly']
86,54,67,['Frank Navasky']
87,68,67,['Patricia Eden']
88,69,67,['Kevin Jackson']
89,70,67,['George Pappas']
91,71,73,['Sam Baldwin']
92,34,73,['Annie Reed']
93,74,73,['Suzy']
94,75,73,['Walter']
95,76,73,['Greg']
96,77,73,['Becky']
98,71,78,['Joe Banks']
99,34,78,"['DeDe', 'Angelica Graynamore', 'Patricia Graynamore']"
100,80,78,['Baw']
102,82,81,['Harry Burns']
103,34,81,['Sally Albright']
104,83,81,['Marie']
105,84,81,['Jess']
110,71,85,['Mr. White']
111,86,85,['Faye Dolan']
112,12,85,['Tina']
114,1,87,['Shane Falco']
115,88,87,['Annabelle Farrell']
116,89,87,['Jimmy McGinty']
117,90,87,['Clifford Franklin']
119,51,92,['Admiral']
120,93,92,['Dieter Dengler']
121,94,92,['Squad Leader']
122,70,92,['Duane']
124,60,95,['Armand Goldman']
125,80,95,['Albert Goldman']
126,89,95,['Sen. Kevin Keeley']
128,98,97,['English Bob']
129,99,97,['Bill Munny']
130,89,97,['Little Bill Daggett']
132,1,100,['Johnny Mnemonic']
133,101,100,['Takahashi']
134,102,100,['Jane']
135,103,100,['J-Bone']
137,71,105,"['Zachry', 'Dr. Henry Goose', 'Isaac Sachs', 'Dermot Hoggins']"
138,4,105,"['Bill Smoke', 'Haskell Moore', 'Tadeusz Kesselring', 'Nurse Noakes', 'Boardman Mephi', 'Old Georgie']"
139,106,105,"['Luisa Rey', 'Jocasta Ayrs', 'Ovid', 'Meronym']"
140,107,105,"['Vyvyan Ayrs', 'Captain Molyneux', 'Timothy Cavendish']"
144,71,109,['Dr. Robert Langdon']
145,110,109,['Sir Leight Teabing']
146,111,109,['Sophie Neveu']
147,112,109,['Silas']
149,4,114,['V']
150,115,114,['Evey Hammond']
151,116,114,['Eric Finch']
152,117,114,['High Chancellor Adam Sutler']
153,118,114,['Dascomb']
160,120,119,['Speed Racer']
161,121,119,['Pops']
162,122,119,['Mom']
163,123,119,['Racer X']
164,124,119,['Trixie']
165,125,119,['Taejo Togokahn']
166,118,119,['Cass Jones']
172,125,126,['Raizo']
173,127,126,['Mika Coretti']
174,64,126,['Takeshi']
175,118,126,['Ryan Maslow']
180,71,128,['Paul Edgecomb']
181,129,128,['John Coffey']
182,130,128,"['Brutus ""Brutal"" Howell']"
183,42,128,['Jan Edgecomb']
184,65,128,['Warden Hal Moores']
185,131,128,"['""Wild Bill"" Wharton']"
186,132,128,['Burt Hammersmith']
187,133,128,['Melinda Moores']
189,136,135,['Richard Nixon']
190,137,135,['David Frost']
191,19,135,['Jack Brennan']
192,138,135,['Bob Zelnick']
193,131,135,"['James Reston, Jr.']"
195,17,139,['Hoffa']
196,140,139,"['Robert ""Bobby"" Ciaro']"
197,24,139,['Frank Fitzsimmons']
198,141,139,"['Peter ""Pete"" Connelly']"
200,71,142,['Jim Lovell']
201,19,142,['Jack Swigert']
202,143,142,['Gene Kranz']
203,144,142,['Fred Haise']
204,132,142,['Ken Mattingly']
206,144,145,['Bill Harding']
207,53,145,['Dr. Jo Harding']
208,94,145,['Eddie']
209,146,145,"['Dustin ""Dusty"" Davis']"
211,71,148,['Chuck Noland']
212,53,148,['Kelly Frears']
214,17,150,['Randle McMurphy']
215,140,150,['Martini']
217,17,152,['Harry Sanborn']
218,153,152,['Erica Barry']
219,1,152,['Julian Mercer']
223,60,155,['Andrew Marin']
224,138,155,['Rupert Burns']
226,71,157,['Rep. Charlie Wilson']
227,158,157,['Joanne Herring']
228,146,157,['Gust Avrakotos']
230,71,159,"['Hero Boy', 'Father', 'Conductor', 'Hobo', 'Scrooge', 'Santa Claus']"
232,71,160,['Jimmy Dugan']
233,162,160,['Dottie Hinson']
234,163,160,['Kit Keller']
235,77,160,['Doris Murphy']
236,161,160,"['""All the Way"" Mae Mordabito']"
237,144,160,['Bob Hinson']
250,170,169,['Ki Taek']
251,171,169,['Dong Ik']
252,172,169,['Yeon Kyo']
253,173,169,['Ki Woo']
254,174,169,['Ki Jung']
255,176,175,['Arthur Fleck']
256,177,175,['Murray Franklin']
257,178,175,['Sophie Dumond']
258,180,179,['Neo']
259,181,179,['Trinity']
260,182,179,['Morpheus']
261,183,179,['Agent Smith']
265,187,179,['Emil']
266,180,188,['Neo']
267,181,188,['Trinity']
268,182,188,['Morpheus']
269,183,188,['Agent Smith']
273,180,189,['Neo']
274,181,189,['Trinity']
275,182,189,['Morpheus']
276,183,189,['Agent Smith']
280,180,190,['Kevin Lomax']
281,191,190,['Mary Ann Lomax']
282,192,190,['John Milton']
284,195,194,['Lt. Daniel Kaffee']
285,196,194,['Col. Nathan R. Jessup']
286,197,194,['Lt. Cdr. JoAnne Galloway']
287,198,194,['Capt. Jack Ross']
288,199,194,['Lt. Jonathan Kendrick']
289,200,194,['Cpl. Jeffrey Barnes']
290,201,194,['Cpl. Carl Hammaker']
291,202,194,['Lt. Sam Weinberg']
292,203,194,['Lt. Col. Matthew Andrew Markinson']
293,204,194,['Pfc. Louden Downey']
294,205,194,['Dr. Stone']
295,207,194,['Man in Bar']
298,195,208,['Maverick']
299,209,208,['Charlie']
300,210,208,['Iceman']
301,211,208,['Goose']
302,212,208,['Viper']
303,213,208,['Carole']
306,195,216,['Jerry Maguire']
307,201,216,['Rod Tidwell']
308,217,216,['Dorothy Boyd']
309,218,216,['Avery Bishop']
310,219,216,['Frank Cushman']
311,220,216,['Bob Sugar']
312,221,216,['Laurel Boyd']
313,222,216,['Marcee Tidwell']
314,223,216,['Ray Boyd']
318,228,225,['Gordie Lachance']
319,226,225,['Chris Chambers']
320,219,225,['Vern Tessio']
321,227,225,['Teddy Duchamp']
322,229,225,['Denny Lachance']
323,199,225,['Ace Merrill']
324,230,225,['Mr. Lachance']
326,196,231,['Melvin Udall']
327,232,231,['Carol Connelly']
328,233,231,['Simon Bishop']
329,201,231,['Frank Sachs']
331,239,235,['Chris Nielsen']
332,201,235,['Albert Lewis']
333,236,235,['Annie Collins-Nielsen']
334,237,235,['The Tracker']
335,238,235,['The Face']
337,242,241,['Ishmael Chambers']
338,243,241,['Kazuo Miyamoto']
339,237,241,['Nels Gudmundsson']
340,244,241,['Judge Fielding']
342,250,246,['Joe Fox']
343,213,246,['Kathleen Kelly']
344,233,246,['Frank Navasky']
345,247,246,['Patricia Eden']
346,248,246,['Kevin Jackson']
347,249,246,['George Pappas']
349,250,252,['Sam Baldwin']
350,213,252,['Annie Reed']
351,253,252,['Suzy']
352,254,252,['Walter']
353,255,252,['Greg']
354,256,252,['Becky']
356,250,257,['Joe Banks']
357,213,257,"['DeDe', 'Angelica Graynamore', 'Patricia Graynamore']"
358,259,257,['Baw']
360,261,260,['Harry Burns']
361,213,260,['Sally Albright']
362,262,260,['Marie']
363,263,260,['Jess']
368,250,264,['Mr. White']
369,265,264,['Faye Dolan']
370,191,264,['Tina']
372,180,266,['Shane Falco']
373,267,266,['Annabelle Farrell']
374,268,266,['Jimmy McGinty']
375,269,266,['Clifford Franklin']
377,230,271,['Admiral']
378,272,271,['Dieter Dengler']
379,273,271,['Squad Leader']
380,249,271,['Duane']
382,239,274,['Armand Goldman']
383,259,274,['Albert Goldman']
384,268,274,['Sen. Kevin Keeley']
386,277,276,['English Bob']
387,278,276,['Bill Munny']
388,268,276,['Little Bill Daggett']
390,180,279,['Johnny Mnemonic']
391,280,279,['Takahashi']
392,281,279,['Jane']
393,282,279,['J-Bone']
395,250,284,"['Zachry', 'Dr. Henry Goose', 'Isaac Sachs', 'Dermot Hoggins']"
396,183,284,"['Bill Smoke', 'Haskell Moore', 'Tadeusz Kesselring', 'Nurse Noakes', 'Boardman Mephi', 'Old Georgie']"
397,285,284,"['Luisa Rey', 'Jocasta Ayrs', 'Ovid', 'Meronym']"
398,286,284,"['Vyvyan Ayrs', 'Captain Molyneux', 'Timothy Cavendish']"
402,250,288,['Dr. Robert Langdon']
403,289,288,['Sir Leight Teabing']
404,290,288,['Sophie Neveu']
405,291,288,['Silas']
407,183,293,['V']
408,294,293,['Evey Hammond']
409,295,293,['Eric Finch']
410,296,293,['High Chancellor Adam Sutler']
411,297,293,['Dascomb']
418,299,298,['Speed Racer']
419,300,298,['Pops']
420,301,298,['Mom']
421,302,298,['Racer X']
422,303,298,['Trixie']
423,304,298,['Taejo Togokahn']
424,297,298,['Cass Jones']
430,304,305,['Raizo']
431,306,305,['Mika Coretti']
432,243,305,['Takeshi']
433,297,305,['Ryan Maslow']
438,250,307,['Paul Edgecomb']
439,308,307,['John Coffey']
440,309,307,"['Brutus ""Brutal"" Howell']"
441,221,307,['Jan Edgecomb']
442,244,307,['Warden Hal Moores']
443,310,307,"['""Wild Bill"" Wharton']"
444,311,307,['Burt Hammersmith']
445,312,307,['Melinda Moores']
447,315,314,['Richard Nixon']
448,316,314,['David Frost']
449,198,314,['Jack Brennan']
450,317,314,['Bob Zelnick']
451,310,314,"['James Reston, Jr.']"
453,196,318,['Hoffa']
454,319,318,"['Robert ""Bobby"" Ciaro']"
455,203,318,['Frank Fitzsimmons']
456,320,318,"['Peter ""Pete"" Connelly']"
458,250,321,['Jim Lovell']
459,198,321,['Jack Swigert']
460,322,321,['Gene Kranz']
461,323,321,['Fred Haise']
462,311,321,['Ken Mattingly']
464,323,324,['Bill Harding']
465,232,324,['Dr. Jo Harding']
466,273,324,['Eddie']
467,325,324,"['Dustin ""Dusty"" Davis']"
469,250,327,['Chuck Noland']
470,232,327,['Kelly Frears']
472,196,329,['Randle McMurphy']
473,319,329,['Martini']
475,196,331,['Harry Sanborn']
476,332,331,['Erica Barry']
477,180,331,['Julian Mercer']
481,239,334,['Andrew Marin']
482,317,334,['Rupert Burns']
484,250,336,['Rep. Charlie Wilson']
485,337,336,['Joanne Herring']
486,325,336,['Gust Avrakotos']
488,250,338,"['Hero Boy', 'Father', 'Conductor', 'Hobo', 'Scrooge', 'Santa Claus']"
490,250,339,['Jimmy Dugan']
491,341,339,['Dottie Hinson']
492,342,339,['Kit Keller']
493,256,339,['Doris Murphy']
494,340,339,"['""All the Way"" Mae Mordabito']"
495,323,339,['Bob Hinson']
508,349,348,['Ki Taek']
509,350,348,['Dong Ik']
510,351,348,['Yeon Kyo']
511,352,348,['Ki Woo']
512,353,348,['Ki Jung']
513,355,354,['Arthur Fleck']
514,356,354,['Murray Franklin']
515,357,354,['Sophie Dumond']
516,359,358,['Neo']
517,360,358,['Trinity']
518,361,358,['Morpheus']
519,362,358,['Agent Smith']
523,366,358,['Emil']
524,359,367,['Neo']
525,360,367,['Trinity']
526,361,367,['Morpheus']
527,362,367,['Agent Smith']
531,359,368,['Neo']
532,360,368,['Trinity']
533,361,368,['Morpheus']
534,362,368,['Agent Smith']
538,359,369,['Kevin Lomax']
539,370,369,['Mary Ann Lomax']
540,371,369,['John Milton']
542,374,373,['Lt. Daniel Kaffee']
543,375,373,['Col. Nathan R. Jessup']
544,376,373,['Lt. Cdr. JoAnne Galloway']
545,377,373,['Capt. Jack Ross']
546,378,373,['Lt. Jonathan Kendrick']
547,379,373,['Cpl. Jeffrey Barnes']
548,380,373,['Cpl. Carl Hammaker']
549,381,373,['Lt. Sam Weinberg']
550,382,373,['Lt. Col. Matthew Andrew Markinson']
551,383,373,['Pfc. Louden Downey']
552,384,373,['Dr. Stone']
553,386,373,['Man in Bar']
556,374,387,['Maverick']
557,388,387,['Charlie']
558,389,387,['Iceman']
559,390,387,['Goose']
560,391,387,['Viper']
561,392,387,['Carole']
564,374,395,['Jerry Maguire']
565,380,395,['Rod Tidwell']
566,396,395,['Dorothy Boyd']
567,397,395,['Avery Bishop']
568,398,395,['Frank Cushman']
569,399,395,['Bob Sugar']
570,400,395,['Laurel Boyd']
571,401,395,['Marcee Tidwell']
572,402,395,['Ray Boyd']
576,407,404,['Gordie Lachance']
577,405,404,['Chris Chambers']
578,398,404,['Vern Tessio']
579,406,404,['Teddy Duchamp']
580,408,404,['Denny Lachance']
581,378,404,['Ace Merrill']
582,409,404,['Mr. Lachance']
584,375,410,['Melvin Udall']
585,411,410,['Carol Connelly']
586,412,410,['Simon Bishop']
587,380,410,['Frank Sachs']
589,418,414,['Chris Nielsen']
590,380,414,['Albert Lewis']
591,415,414,['Annie Collins-Nielsen']
592,416,414,['The Tracker']
593,417,414,['The Face']
595,421,420,['Ishmael Chambers']
596,422,420,['Kazuo Miyamoto']
597,416,420,['Nels Gudmundsson']
598,423,420,['Judge Fielding']
600,429,425,['Joe Fox']
601,392,425,['Kathleen Kelly']
602,412,425,['Frank Navasky']
603,426,425,['Patricia Eden']
604,427,425,['Kevin Jackson']
605,428,425,['George Pappas']
607,429,431,['Sam Baldwin']
608,392,431,['Annie Reed']
609,432,431,['Suzy']
610,433,431,['Walter']
611,434,431,['Greg']
612,435,431,['Becky']
614,429,436,['Joe Banks']
615,392,436,"['DeDe', 'Angelica Graynamore', 'Patricia Graynamore']"
616,438,436,['Baw']
618,440,439,['Harry Burns']
619,392,439,['Sally Albright']
620,441,439,['Marie']
621,442,439,['Jess']
626,429,443,['Mr. White']
627,444,443,['Faye Dolan']
628,370,443,['Tina']
630,359,445,['Shane Falco']
631,446,445,['Annabelle Farrell']
632,447,445,['Jimmy McGinty']
633,448,445,['Clifford Franklin']
635,409,450,['Admiral']
636,451,450,['Dieter Dengler']
637,452,450,['Squad Leader']
638,428,450,['Duane']
640,418,453,['Armand Goldman']
641,438,453,['Albert Goldman']
642,447,453,['Sen. Kevin Keeley']
644,456,455,['English Bob']
645,457,455,['Bill Munny']
646,447,455,['Little Bill Daggett']
648,359,458,['Johnny Mnemonic']
649,459,458,['Takahashi']
650,460,458,['Jane']
651,461,458,['J-Bone']
653,429,463,"['Zachry', 'Dr. Henry Goose', 'Isaac Sachs', 'Dermot Hoggins']"
654,362,463,"['Bill Smoke', 'Haskell Moore', 'Tadeusz Kesselring', 'Nurse Noakes', 'Boardman Mephi', 'Old Georgie']"
655,464,463,"['Luisa Rey', 'Jocasta Ayrs', 'Ovid', 'Meronym']"
656,465,463,"['Vyvyan Ayrs', 'Captain Molyneux', 'Timothy Cavendish']"
660,429,467,['Dr. Robert Langdon']
661,468,467,['Sir Leight Teabing']
662,469,467,['Sophie Neveu']
663,470,467,['Silas']
665,362,472,['V']
666,473,472,['Evey Hammond']
667,474,472,['Eric Finch']
668,475,472,['High Chancellor Adam Sutler']
669,476,472,['Dascomb']
676,478,477,['Speed Racer']
677,479,477,['Pops']
678,480,477,['Mom']
679,481,477,['Racer X']
680,482,477,['Trixie']
681,483,477,['Taejo Togokahn']
682,476,477,['Cass Jones']
688,483,484,['Raizo']
689,485,484,['Mika Coretti']
690,422,484,['Takeshi']
691,476,484,['Ryan Maslow']
696,429,486,['Paul Edgecomb']
697,487,486,['John Coffey']
698,488,486,"['Brutus ""Brutal"" Howell']"
699,400,486,['Jan Edgecomb']
700,423,486,['Warden Hal Moores']
701,489,486,"['""Wild Bill"" Wharton']"
702,490,486,['Burt Hammersmith']
703,491,486,['Melinda Moores']
705,494,493,['Richard Nixon']
706,495,493,['David Frost']
707,377,493,['Jack Brennan']
708,496,493,['Bob Zelnick']
709,489,493,"['James Reston, Jr.']"
711,375,497,['Hoffa']
712,498,497,"['Robert ""Bobby"" Ciaro']"
713,382,497,['Frank Fitzsimmons']
714,499,497,"['Peter ""Pete"" Connelly']"
716,429,500,['Jim Lovell']
717,377,500,['Jack Swigert']
718,501,500,['Gene Kranz']
719,502,500,['Fred Haise']
720,490,500,['Ken Mattingly']
722,502,503,['Bill Harding']
723,411,503,['Dr. Jo Harding']
724,452,503,['Eddie']
725,504,503,"['Dustin ""Dusty"" Davis']"
727,429,506,['Chuck Noland']
728,411,506,['Kelly Frears']
730,375,508,['Randle McMurphy']
731,498,508,['Martini']
733,375,510,['Harry Sanborn']
734,511,510,['Erica Barry']
735,359,510,['Julian Mercer']
739,418,513,['Andrew Marin']
740,496,513,['Rupert Burns']
742,429,515,['Rep. Charlie Wilson']
743,516,515,['Joanne Herring']
744,504,515,['Gust Avrakotos']
746,429,517,"['Hero Boy', 'Father', 'Conductor', 'Hobo', 'Scrooge', 'Santa Claus']"
748,429,518,['Jimmy Dugan']
749,520,518,['Dottie Hinson']
750,521,518,['Kit Keller']
751,435,518,['Doris Murphy']
752,519,518,"['""All the Way"" Mae Mordabito']"
753,502,518,['Bob Hinson']
766,528,527,['Ki Taek']
767,529,527,['Dong Ik']
768,530,527,['Yeon Kyo']
769,531,527,['Ki Woo']
770,532,527,['Ki Jung']
771,534,533,['Arthur Fleck']
772,535,533,['Murray Franklin']
773,536,533,['Sophie Dumond']
774,538,537,['Neo']
775,539,537,['Trinity']
776,540,537,['Morpheus']
777,541,537,['Agent Smith']
781,545,537,['Emil']
782,538,546,['Neo']
783,539,546,['Trinity']
784,540,546,['Morpheus']
785,541,546,['Agent Smith']
789,538,547,['Neo']
790,539,547,['Trinity']
791,540,547,['Morpheus']
792,541,547,['Agent Smith']
796,538,548,['Kevin Lomax']
797,549,548,['Mary Ann Lomax']
798,550,548,['John Milton']
800,553,552,['Lt. Daniel Kaffee']
801,554,552,['Col. Nathan R. Jessup']
802,555,552,['Lt. Cdr. JoAnne Galloway']
803,556,552,['Capt. Jack Ross']
804,557,552,['Lt. Jonathan Kendrick']
805,558,552,['Cpl. Jeffrey Barnes']
806,559,552,['Cpl. Carl Hammaker']
807,560,552,['Lt. Sam Weinberg']
808,561,552,['Lt. Col. Matthew Andrew Markinson']
809,562,552,['Pfc. Louden Downey']
810,563,552,['Dr. Stone']
811,565,552,['Man in Bar']
814,553,566,['Maverick']
815,567,566,['Charlie']
816,568,566,['Iceman']
817,569,566,['Goose']
818,570,566,['Viper']
819,571,566,['Carole']
822,553,574,['Jerry Maguire']
823,559,574,['Rod Tidwell']
824,575,574,['Dorothy Boyd']
825,576,574,['Avery Bishop']
826,577,574,['Frank Cushman']
827,578,574,['Bob Sugar']
828,579,574,['Laurel Boyd']
829,580,574,['Marcee Tidwell']
830,581,574,['Ray Boyd']
834,586,583,['Gordie Lachance']
835,584,583,['Chris Chambers']
836,577,583,['Vern Tessio']
837,585,583,['Teddy Duchamp']
838,587,583,['Denny Lachance']
839,557,583,['Ace Merrill']
840,588,583,['Mr. Lachance']
842,554,589,['Melvin Udall']
843,590,589,['Carol Connelly']
844,591,589,['Simon Bishop']
845,559,589,['Frank Sachs']
847,597,593,['Chris Nielsen']
848,559,593,['Albert Lewis']
849,594,593,['Annie Collins-Nielsen']
850,595,593,['The Tracker']
851,596,593,['The Face']
853,600,599,['Ishmael Chambers']
854,601,599,['Kazuo Miyamoto']
855,595,599,['Nels Gudmundsson']
856,602,599,['Judge Fielding']
858,608,604,['Joe Fox']
859,571,604,['Kathleen Kelly']
860,591,604,['Frank Navasky']
861,605,604,['Patricia Eden']
862,606,604,['Kevin Jackson']
863,607,604,['George Pappas']
865,608,610,['Sam Baldwin']
866,571,610,['Annie Reed']
867,611,610,['Suzy']
868,612,610,['Walter']
869,613,610,['Greg']
870,614,610,['Becky']
872,608,615,['Joe Banks']
873,571,615,"['DeDe', 'Angelica Graynamore', 'Patricia Graynamore']"
874,617,615,['Baw']
876,619,618,['Harry Burns']
877,571,618,['Sally Albright']
878,620,618,['Marie']
879,621,618,['Jess']
884,608,622,['Mr. White']
885,623,622,['Faye Dolan']
886,549,622,['Tina']
888,538,624,['Shane Falco']
889,625,624,['Annabelle Farrell']
890,626,624,['Jimmy McGinty']
891,627,624,['Clifford Franklin']
893,588,629,['Admiral']
894,630,629,['Dieter Dengler']
895,631,629,['Squad Leader']
896,607,629,['Duane']
898,597,632,['Armand Goldman']
899,617,632,['Albert Goldman']
900,626,632,['Sen. Kevin Keeley']
902,635,634,['English Bob']
903,636,634,['Bill Munny']
904,626,634,['Little Bill Daggett']
906,538,637,['Johnny Mnemonic']
907,638,637,['Takahashi']
908,639,637,['Jane']
909,640,637,['J-Bone']
911,608,642,"['Zachry', 'Dr. Henry Goose', 'Isaac Sachs', 'Dermot Hoggins']"
912,541,642,"['Bill Smoke', 'Haskell Moore', 'Tadeusz Kesselring', 'Nurse Noakes', 'Boardman Mephi', 'Old Georgie']"
913,643,642,"['Luisa Rey', 'Jocasta Ayrs', 'Ovid', 'Meronym']"
914,644,642,"['Vyvyan Ayrs', 'Captain Molyneux', 'Timothy Cavendish']"
918,608,646,['Dr. Robert Langdon']
919,647,646,['Sir Leight Teabing']
920,648,646,['Sophie Neveu']
921,649,646,['Silas']
923,541,651,['V']
924,652,651,['Evey Hammond']
925,653,651,['Eric Finch']
926,654,651,['High Chancellor Adam Sutler']
927,655,651,['Dascomb']
934,657,656,['Speed Racer']
935,658,656,['Pops']
936,659,656,['Mom']
937,660,656,['Racer X']
938,661,656,['Trixie']
939,662,656,['Taejo Togokahn']
940,655,656,['Cass Jones']
946,662,663,['Raizo']
947,664,663,['Mika Coretti']
948,601,663,['Takeshi']
949,655,663,['Ryan Maslow']
954,608,665,['Paul Edgecomb']
955,666,665,['John Coffey']
956,667,665,"['Brutus ""Brutal"" Howell']"
957,579,665,['Jan Edgecomb']
958,602,665,['Warden Hal Moores']
959,668,665,"['""Wild Bill"" Wharton']"
960,669,665,['Burt Hammersmith']
961,670,665,['Melinda Moores']
963,673,672,['Richard Nixon']
964,674,672,['David Frost']
965,556,672,['Jack Brennan']
966,675,672,['Bob Zelnick']
967,668,672,"['James Reston, Jr.']"
969,554,676,['Hoffa']
970,677,676,"['Robert ""Bobby"" Ciaro']"
971,561,676,['Frank Fitzsimmons']
972,678,676,"['Peter ""Pete"" Connelly']"
974,608,679,['Jim Lovell']
975,556,679,['Jack Swigert']
976,680,679,['Gene Kranz']
977,681,679,['Fred Haise']
978,669,679,['Ken Mattingly']
980,681,682,['Bill Harding']
981,590,682,['Dr. Jo Harding']
982,631,682,['Eddie']
983,683,682,"['Dustin ""Dusty"" Davis']"
985,608,685,['Chuck Noland']
986,590,685,['Kelly Frears']
988,554,687,['Randle McMurphy']
989,677,687,['Martini']
991,554,689,['Harry Sanborn']
992,690,689,['Erica Barry']
993,538,689,['Julian Mercer']
997,597,692,['Andrew Marin']
998,675,692,['Rupert Burns']
1000,608,694,['Rep. Charlie Wilson']
1001,695,694,['Joanne Herring']
1002,683,694,['Gust Avrakotos']
1004,608,696,"['Hero Boy', 'Father', 'Conductor', 'Hobo', 'Scrooge', 'Santa Claus']"
1006,608,697,['Jimmy Dugan']
1007,699,697,['Dottie Hinson']
1008,700,697,['Kit Keller']
1009,614,697,['Doris Murphy']
1010,698,697,"['""All the Way"" Mae Mordabito']"
1011,681,697,['Bob Hinson']
1024,707,706,['Ki Taek']
1025,708,706,['Dong Ik']
1026,709,706,['Yeon Kyo']
1027,710,706,['Ki Woo']
1028,711,706,['Ki Jung']
1029,713,712,['Arthur Fleck']
1030,714,712,['Murray Franklin']
1031,715,712,['Sophie Dumond']
1032,717,716,['Neo']
1033,718,716,['Trinity']
1034,719,716,['Morpheus']
1035,720,716,['Agent Smith']
1039,724,716,['Emil']
1040,717,725,['Neo']
1041,718,725,['Trinity']
1042,719,725,['Morpheus']
1043,720,725,['Agent Smith']
1047,717,726,['Neo']
1048,718,726,['Trinity']
1049,719,726,['Morpheus']
1050,720,726,['Agent Smith']
1054,717,727,['Kevin Lomax']
1055,728,727,['Mary Ann Lomax']
1056,729,727,['John Milton']
1058,732,731,['Lt. Daniel Kaffee']
1059,733,731,['Col. Nathan R. Jessup']
1060,734,731,['Lt. Cdr. JoAnne Galloway']
1061,735,731,['Capt. Jack Ross']
1062,736,731,['Lt. Jonathan Kendrick']
1063,737,731,['Cpl. Jeffrey Barnes']
1064,738,731,['Cpl. Carl Hammaker']
1065,739,731,['Lt. Sam Weinberg']
1066,740,731,['Lt. Col. Matthew Andrew Markinson']
1067,741,731,['Pfc. Louden Downey']
1068,742,731,['Dr. Stone']
1069,744,731,['Man in Bar']
1072,732,745,['Maverick']
1073,746,745,['Charlie']
1074,747,745,['Iceman']
1075,748,745,['Goose']
1076,749,745,['Viper']
1077,750,745,['Carole']
1080,732,753,['Jerry Maguire']
1081,738,753,['Rod Tidwell']
1082,754,753,['Dorothy Boyd']
1083,755,753,['Avery Bishop']
1084,756,753,['Frank Cushman']
1085,757,753,['Bob Sugar']
1086,758,753,['Laurel Boyd']
1087,759,753,['Marcee Tidwell']
1088,760,753,['Ray Boyd']
1092,765,762,['Gordie Lachance']
1093,763,762,['Chris Chambers']
1094,756,762,['Vern Tessio']
1095,764,762,['Teddy Duchamp']
1096,766,762,['Denny Lachance']
1097,736,762,['Ace Merrill']
1098,767,762,['Mr. Lachance']
1100,733,768,['Melvin Udall']
1101,769,768,['Carol Connelly']
1102,770,768,['Simon Bishop']
1103,738,768,['Frank Sachs']
1105,776,772,['Chris Nielsen']
1106,738,772,['Albert Lewis']
1107,773,772,['Annie Collins-Nielsen']
1108,774,772,['The Tracker']
1109,775,772,['The Face']
1111,779,778,['Ishmael Chambers']
1112,780,778,['Kazuo Miyamoto']
1113,774,778,['Nels Gudmundsson']
1114,781,778,['Judge Fielding']
1116,787,783,['Joe Fox']
1117,750,783,['Kathleen Kelly']
1118,770,783,['Frank Navasky']
1119,784,783,['Patricia Eden']
1120,785,783,['Kevin Jackson']
1121,786,783,['George Pappas']
1123,787,789,['Sam Baldwin']
1124,750,789,['Annie Reed']
1125,790,789,['Suzy']
1126,791,789,['Walter']
1127,792,789,['Greg']
1128,793,789,['Becky']
1130,787,794,['Joe Banks']
1131,750,794,"['DeDe', 'Angelica Graynamore', 'Patricia Graynamore']"
1132,796,794,['Baw']
1134,798,797,['Harry Burns']
1135,750,797,['Sally Albright']
1136,799,797,['Marie']
1137,800,797,['Jess']
1142,787,801,['Mr. White']
1143,802,801,['Faye Dolan']
1144,728,801,['Tina']
1146,717,803,['Shane Falco']
1147,804,803,['Annabelle Farrell']
1148,805,803,['Jimmy McGinty']
1149,806,803,['Clifford Franklin']
1151,767,808,['Admiral']
1152,809,808,['Dieter Dengler']
1153,810,808,['Squad Leader']
1154,786,808,['Duane']
1156,776,811,['Armand Goldman']
1157,796,811,['Albert Goldman']
1158,805,811,['Sen. Kevin Keeley']
1160,814,813,['English Bob']
1161,815,813,['Bill Munny']
1162,805,813,['Little Bill Daggett']
1164,717,816,['Johnny Mnemonic']
1165,817,816,['Takahashi']
1166,818,816,['Jane']
1167,819,816,['J-Bone']
1169,787,821,"['Zachry', 'Dr. Henry Goose', 'Isaac Sachs', 'Dermot Hoggins']"
1170,720,821,"['Bill Smoke', 'Haskell Moore', 'Tadeusz Kesselring', 'Nurse Noakes', 'Boardman Mephi', 'Old Georgie']"
1171,822,821,"['Luisa Rey', 'Jocasta Ayrs', 'Ovid', 'Meronym']"
1172,823,821,"['Vyvyan Ayrs', 'Captain Molyneux', 'Timothy Cavendish']"
1176,787,825,['Dr. Robert Langdon']
1177,826,825,['Sir Leight Teabing']
1178,827,825,['Sophie Neveu']
1179,828,825,['Silas']
1181,720,830,['V']
1182,831,830,['Evey Hammond']
1183,832,830,['Eric Finch']
1184,833,830,['High Chancellor Adam Sutler']
1185,834,830,['Dascomb']
1192,836,835,['Speed Racer']
1193,837,835,['Pops']
1194,838,835,['Mom']
1195,839,835,['Racer X']
1196,840,835,['Trixie']
1197,841,835,['Taejo Togokahn']
1198,834,835,['Cass Jones']
1204,841,842,['Raizo']
1205,843,842,['Mika Coretti']
1206,780,842,['Takeshi']
1207,834,842,['Ryan Maslow']
1212,787,844,['Paul Edgecomb']
1213,845,844,['John Coffey']
1214,846,844,"['Brutus ""Brutal"" Howell']"
1215,758,844,['Jan Edgecomb']
1216,781,844,['Warden Hal Moores']
1217,847,844,"['""Wild Bill"" Wharton']"
1218,848,844,['Burt Hammersmith']
1219,849,844,['Melinda Moores']
1221,852,851,['Richard Nixon']
1222,853,851,['David Frost']
1223,735,851,['Jack Brennan']
1224,854,851,['Bob Zelnick']
1225,847,851,"['James Reston, Jr.']"
1227,733,855,['Hoffa']
1228,856,855,"['Robert ""Bobby"" Ciaro']"
1229,740,855,['Frank Fitzsimmons']
1230,857,855,"['Peter ""Pete"" Connelly']"
1232,787,858,['Jim Lovell']
1233,735,858,['Jack Swigert']
1234,859,858,['Gene Kranz']
1235,860,858,['Fred Haise']
1236,848,858,['Ken Mattingly']
1238,860,861,['Bill Harding']
1239,769,861,['Dr. Jo Harding']
1240,810,861,['Eddie']
1241,862,861,"['Dustin ""Dusty"" Davis']"
1243,787,864,['Chuck Noland']
1244,769,864,['Kelly Frears']
1246,733,866,['Randle McMurphy']
1247,856,866,['Martini']
1249,733,868,['Harry Sanborn']
1250,869,868,['Erica Barry']
1251,717,868,['Julian Mercer']
1255,776,871,['Andrew Marin']
1256,854,871,['Rupert Burns']
1258,787,873,['Rep. Charlie Wilson']
1259,874,873,['Joanne Herring']
1260,862,873,['Gust Avrakotos']
1262,787,875,"['Hero Boy', 'Father', 'Conductor', 'Hobo', 'Scrooge', 'Santa Claus']"
1264,787,876,['Jimmy Dugan']
1265,878,876,['Dottie Hinson']
1266,879,876,['Kit Keller']
1267,793,876,['Doris Murphy']
1268,877,876,"['""All the Way"" Mae Mordabito']"
1269,860,876,['Bob Hinson']
1282,886,885,['Ki Taek']
1283,887,885,['Dong Ik']
1284,888,885,['Yeon Kyo']
1285,889,885,['Ki Woo']
1286,890,885,['Ki Jung']
1287,892,891,['Arthur Fleck']
1288,893,891,['Murray Franklin']
1289,894,891,['Sophie Dumond']
1290,896,895,['Neo']
1291,897,895,['Trinity']
1292,898,895,['Morpheus']
1293,899,895,['Agent Smith']
1297,903,895,['Emil']
1298,896,904,['Neo']
1299,897,904,['Trinity']
1300,898,904,['Morpheus']
1301,899,904,['Agent Smith']
1305,896,905,['Neo']
1306,897,905,['Trinity']
1307,898,905,['Morpheus']
1308,899,905,['Agent Smith']
1312,896,906,['Kevin Lomax']
1313,907,906,['Mary Ann Lomax']
1314,908,906,['John Milton']
1316,911,910,['Lt. Daniel Kaffee']
1317,912,910,['Col. Nathan R. Jessup']
1318,913,910,['Lt. Cdr. JoAnne Galloway']
1319,914,910,['Capt. Jack Ross']
1320,915,910,['Lt. Jonathan Kendrick']
1321,916,910,['Cpl. Jeffrey Barnes']
1322,917,910,['Cpl. Carl Hammaker']
1323,918,910,['Lt. Sam Weinberg']
1324,919,910,['Lt. Col. Matthew Andrew Markinson']
1325,920,910,['Pfc. Louden Downey']
1326,921,910,['Dr. Stone']
1327,923,910,['Man in Bar']
1330,911,924,['Maverick']
1331,925,924,['Charlie']
1332,926,924,['Iceman']
1333,927,924,['Goose']
1334,928,924,['Viper']
1335,929,924,['Carole']
1338,911,932,['Jerry Maguire']
1339,917,932,['Rod Tidwell']
1340,933,932,['Dorothy Boyd']
1341,934,932,['Avery Bishop']
1342,935,932,['Frank Cushman']
1343,936,932,['Bob Sugar']
1344,937,932,['Laurel Boyd']
1345,938,932,['Marcee Tidwell']
1346,939,932,['Ray Boyd']
1350,944,941,['Gordie Lachance']
1351,942,941,['Chris Chambers']
1352,935,941,['Vern Tessio']
1353,943,941,['Teddy Duchamp']
1354,945,941,['Denny Lachance']
1355,915,941,['Ace Merrill']
1356,946,941,['Mr. Lachance']
1358,912,947,['Melvin Udall']
1359,948,947,['Carol Connelly']
1360,949,947,['Simon Bishop']
1361,917,947,['Frank Sachs']
1363,955,951,['Chris Nielsen']
1364,917,951,['Albert Lewis']
1365,952,951,['Annie Collins-Nielsen']
1366,953,951,['The Tracker']
1367,954,951,['The Face']
1369,958,957,['Ishmael Chambers']
1370,959,957,['Kazuo Miyamoto']
1371,953,957,['Nels Gudmundsson']
1372,960,957,['Judge Fielding']
1374,966,962,['Joe Fox']
1375,929,962,['Kathleen Kelly']
1376,949,962,['Frank Navasky']
1377,963,962,['Patricia Eden']
1378,964,962,['Kevin Jackson']
1379,965,962,['George Pappas']
1381,966,968,['Sam Baldwin']
1382,929,968,['Annie Reed']
1383,969,968,['Suzy']
1384,970,968,['Walter']
1385,971,968,['Greg']
1386,972,968,['Becky']
1388,966,973,['Joe Banks']
1389,929,973,"['DeDe', 'Angelica Graynamore', 'Patricia Graynamore']"
1390,975,973,['Baw']
1392,977,976,['Harry Burns']
1393,929,976,['Sally Albright']
1394,978,976,['Marie']
1395,979,976,['Jess']
1400,966,980,['Mr. White']
1401,981,980,['Faye Dolan']
1402,907,980,['Tina']
1404,896,982,['Shane Falco']
1405,983,982,['Annabelle Farrell']
1406,984,982,['Jimmy McGinty']
1407,985,982,['Clifford Franklin']
1409,946,987,['Admiral']
1410,988,987,['Dieter Dengler']
1411,989,987,['Squad Leader']
1412,965,987,['Duane']
1414,955,990,['Armand Goldman']
1415,975,990,['Albert Goldman']
1416,984,990,['Sen. Kevin Keeley']
1418,993,992,['English Bob']
1419,994,992,['Bill Munny']
1420,984,992,['Little Bill Daggett']
1422,896,995,['Johnny Mnemonic']
1423,996,995,['Takahashi']
1424,997,995,['Jane']
1425,998,995,['J-Bone']
1427,966,1000,"['Zachry', 'Dr. Henry Goose', 'Isaac Sachs', 'Dermot Hoggins']"
1428,899,1000,"['Bill Smoke', 'Haskell Moore', 'Tadeusz Kesselring', 'Nurse Noakes', 'Boardman Mephi', 'Old Georgie']"
1429,1001,1000,"['Luisa Rey', 'Jocasta Ayrs', 'Ovid', 'Meronym']"
1430,1002,1000,"['Vyvyan Ayrs', 'Captain Molyneux', 'Timothy Cavendish']"
1434,966,1004,['Dr. Robert Langdon']
1435,1005,1004,['Sir Leight Teabing']
1436,1006,1004,['Sophie Neveu']
1437,1007,1004,['Silas']
1439,899,1009,['V']
1440,1010,1009,['Evey Hammond']
1441,1011,1009,['Eric Finch']
1442,1012,1009,['High Chancellor Adam Sutler']
1443,1013,1009,['Dascomb']
1450,1015,1014,['Speed Racer']
1451,1016,1014,['Pops']
1452,1017,1014,['Mom']
1453,1018,1014,['Racer X']
1454,1019,1014,['Trixie']
1455,1020,1014,['Taejo Togokahn']
1456,1013,1014,['Cass Jones']
1462,1020,1021,['Raizo']
1463,1022,1021,['Mika Coretti']
1464,959,1021,['Takeshi']
1465,1013,1021,['Ryan Maslow']
1470,966,1023,['Paul Edgecomb']
1471,1024,1023,['John Coffey']
1472,1025,1023,"['Brutus ""Brutal"" Howell']"
1473,937,1023,['Jan Edgecomb']
1474,960,1023,['Warden Hal Moores']
1475,1026,1023,"['""Wild Bill"" Wharton']"
1476,1027,1023,['Burt Hammersmith']
1477,1028,1023,['Melinda Moores']
1479,1031,1030,['Richard Nixon']
1480,1032,1030,['David Frost']
1481,914,1030,['Jack Brennan']
1482,1033,1030,['Bob Zelnick']
1483,1026,1030,"['James Reston, Jr.']"
1485,912,1034,['Hoffa']
1486,1035,1034,"['Robert ""Bobby"" Ciaro']"
1487,919,1034,['Frank Fitzsimmons']
1488,1036,1034,"['Peter ""Pete"" Connelly']"
1490,966,1037,['Jim Lovell']
1491,914,1037,['Jack Swigert']
1492,1038,1037,['Gene Kranz']
1493,1039,1037,['Fred Haise']
1494,1027,1037,['Ken Mattingly']
1496,1039,1040,['Bill Harding']
1497,948,1040,['Dr. Jo Harding']
1498,989,1040,['Eddie']
1499,1041,1040,"['Dustin ""Dusty"" Davis']"
1501,966,1043,['Chuck Noland']
1502,948,1043,['Kelly Frears']
1504,912,1045,['Randle McMurphy']
1505,1035,1045,['Martini']
1507,912,1047,['Harry Sanborn']
1508,1048,1047,['Erica Barry']
1509,896,1047,['Julian Mercer']
1513,955,1050,['Andrew Marin']
1514,1033,1050,['Rupert Burns']
1516,966,1052,['Rep. Charlie Wilson']
1517,1053,1052,['Joanne Herring']
1518,1041,1052,['Gust Avrakotos']
1520,966,1054,"['Hero Boy', 'Father', 'Conductor', 'Hobo', 'Scrooge', 'Santa Claus']"
1522,966,1055,['Jimmy Dugan']
1523,1057,1055,['Dottie Hinson']
1524,1058,1055,['Kit Keller']
1525,972,1055,['Doris Murphy']
1526,1056,1055,"['""All the Way"" Mae Mordabito']"
1527,1039,1055,['Bob Hinson']
1540,1065,1064,['Ki Taek']
1541,1066,1064,['Dong Ik']
1542,1067,1064,['Yeon Kyo']
1543,1068,1064,['Ki Woo']
1544,1069,1064,['Ki Jung']
1545,1071,1070,['Arthur Fleck']
1546,1072,1070,['Murray Franklin']
1547,1073,1070,['Sophie Dumond']
1548,1075,1074,['Neo']
1549,1076,1074,['Trinity']
1550,1077,1074,['Morpheus']
1551,1078,1074,['Agent Smith']
1555,1082,1074,['Emil']
1556,1075,1083,['Neo']
1557,1076,1083,['Trinity']
1558,1077,1083,['Morpheus']
1559,1078,1083,['Agent Smith']
1563,1075,1084,['Neo']
1564,1076,1084,['Trinity']
1565,1077,1084,['Morpheus']
1566,1078,1084,['Agent Smith']
1570,1075,1085,['Kevin Lomax']
1571,1086,1085,['Mary Ann Lomax']
1572,1087,1085,['John Milton']
1574,1090,1089,['Lt. Daniel Kaffee']
1575,1091,1089,['Col. Nathan R. Jessup']
1576,1092,1089,['Lt. Cdr. JoAnne Galloway']
1577,1093,1089,['Capt. Jack Ross']
1578,1094,1089,['Lt. Jonathan Kendrick']
1579,1095,1089,['Cpl. Jeffrey Barnes']
1580,1096,1089,['Cpl. Carl Hammaker']
1581,1097,1089,['Lt. Sam Weinberg']
1582,1098,1089,['Lt. Col. Matthew Andrew Markinson']
1583,1099,1089,['Pfc. Louden Downey']
1584,1100,1089,['Dr. Stone']
1585,1102,1089,['Man in Bar']
1588,1090,1103,['Maverick']
1589,1104,1103,['Charlie']
1590,1105,1103,['Iceman']
1591,1106,1103,['Goose']
1592,1107,1103,['Viper']
1593,1108,1103,['Carole']
1596,1090,1111,['Jerry Maguire']
1597,1096,1111,['Rod Tidwell']
1598,1112,1111,['Dorothy Boyd']
1599,1113,1111,['Avery Bishop']
1600,1114,1111,['Frank Cushman']
1601,1115,1111,['Bob Sugar']
1602,1116,1111,['Laurel Boyd']
1603,1117,1111,['Marcee Tidwell']
1604,1118,1111,['Ray Boyd']
1608,1123,1120,['Gordie Lachance']
1609,1121,1120,['Chris Chambers']
1610,1114,1120,['Vern Tessio']
1611,1122,1120,['Teddy Duchamp']
1612,1124,1120,['Denny Lachance']
1613,1094,1120,['Ace Merrill']
1614,1125,1120,['Mr. Lachance']
1616,1091,1126,['Melvin Udall']
1617,1127,1126,['Carol Connelly']
1618,1128,1126,['Simon Bishop']
1619,1096,1126,['Frank Sachs']
1621,1134,1130,['Chris Nielsen']
1622,1096,1130,['Albert Lewis']
1623,1131,1130,['Annie Collins-Nielsen']
1624,1132,1130,['The Tracker']
1625,1133,1130,['The Face']
1627,1137,1136,['Ishmael Chambers']
1628,1138,1136,['Kazuo Miyamoto']
1629,1132,1136,['Nels Gudmundsson']
1630,1139,1136,['Judge Fielding']
1632,1145,1141,['Joe Fox']
1633,1108,1141,['Kathleen Kelly']
1634,1128,1141,['Frank Navasky']
1635,1142,1141,['Patricia Eden']
1636,1143,1141,['Kevin Jackson']
1637,1144,1141,['George Pappas']
1639,1145,1147,['Sam Baldwin']
1640,1108,1147,['Annie Reed']
1641,1148,1147,['Suzy']
1642,1149,1147,['Walter']
1643,1150,1147,['Greg']
1644,1151,1147,['Becky']
1646,1145,1152,['Joe Banks']
1647,1108,1152,"['DeDe', 'Angelica Graynamore', 'Patricia Graynamore']"
1648,1154,1152,['Baw']
1650,1156,1155,['Harry Burns']
1651,1108,1155,['Sally Albright']
1652,1157,1155,['Marie']
1653,1158,1155,['Jess']
1658,1145,1159,['Mr. White']
1659,1160,1159,['Faye Dolan']
1660,1086,1159,['Tina']
1662,1075,1161,['Shane Falco']
1663,1162,1161,['Annabelle Farrell']
1664,1163,1161,['Jimmy McGinty']
1665,1164,1161,['Clifford Franklin']
1667,1125,1166,['Admiral']
1668,1167,1166,['Dieter Dengler']
1669,1168,1166,['Squad Leader']
1670,1144,1166,['Duane']
1672,1134,1169,['Armand Goldman']
1673,1154,1169,['Albert Goldman']
1674,1163,1169,['Sen. Kevin Keeley']
1676,1172,1171,['English Bob']
1677,1173,1171,['Bill Munny']
1678,1163,1171,['Little Bill Daggett']
1680,1075,1174,['Johnny Mnemonic']
1681,1175,1174,['Takahashi']
1682,1176,1174,['Jane']
1683,1177,1174,['J-Bone']
1685,1145,1179,"['Zachry', 'Dr. Henry Goose', 'Isaac Sachs', 'Dermot Hoggins']"
1686,1078,1179,"['Bill Smoke', 'Haskell Moore', 'Tadeusz Kesselring', 'Nurse Noakes', 'Boardman Mephi', 'Old Georgie']"
1687,1180,1179,"['Luisa Rey', 'Jocasta Ayrs', 'Ovid', 'Meronym']"
1688,1181,1179,"['Vyvyan Ayrs', 'Captain Molyneux', 'Timothy Cavendish']"
1692,1145,1183,['Dr. Robert Langdon']
1693,1184,1183,['Sir Leight Teabing']
1694,1185,1183,['Sophie Neveu']
1695,1186,1183,['Silas']
1697,1078,1188,['V']
1698,1189,1188,['Evey Hammond']
1699,1190,1188,['Eric Finch']
1700,1191,1188,['High Chancellor Adam Sutler']
1701,1192,1188,['Dascomb']
1708,1194,1193,['Speed Racer']
1709,1195,1193,['Pops']
1710,1196,1193,['Mom']
1711,1197,1193,['Racer X']
1712,1198,1193,['Trixie']
1713,1199,1193,['Taejo Togokahn']
1714,1192,1193,['Cass Jones']
1720,1199,1200,['Raizo']
1721,1201,1200,['Mika Coretti']
1722,1138,1200,['Takeshi']
1723,1192,1200,['Ryan Maslow']
1728,1145,1202,['Paul Edgecomb']
1729,1203,1202,['John Coffey']
1730,1204,1202,"['Brutus ""Brutal"" Howell']"
1731,1116,1202,['Jan Edgecomb']
1732,1139,1202,['Warden Hal Moores']
1733,1205,1202,"['""Wild Bill"" Wharton']"
1734,1206,1202,['Burt Hammersmith']
1735,1207,1202,['Melinda Moores']
1737,1210,1209,['Richard Nixon']
1738,1211,1209,['David Frost']
1739,1093,1209,['Jack Brennan']
1740,1212,1209,['Bob Zelnick']
1741,1205,1209,"['James Reston, Jr.']"
1743,1091,1213,['Hoffa']
1744,1214,1213,"['Robert ""Bobby"" Ciaro']"
1745,1098,1213,['Frank Fitzsimmons']
1746,1215,1213,"['Peter ""Pete"" Connelly']"
1748,1145,1216,['Jim Lovell']
1749,1093,1216,['Jack Swigert']
1750,1217,1216,['Gene Kranz']
1751,1218,1216,['Fred Haise']
1752,1206,1216,['Ken Mattingly']
1754,1218,1219,['Bill Harding']
1755,1127,1219,['Dr. Jo Harding']
1756,1168,1219,['Eddie']
1757,1220,1219,"['Dustin ""Dusty"" Davis']"
1759,1145,1222,['Chuck Noland']
1760,1127,1222,['Kelly Frears']
1762,1091,1224,['Randle McMurphy']
1763,1214,1224,['Martini']
1765,1091,1226,['Harry Sanborn']
1766,1227,1226,['Erica Barry']
1767,1075,1226,['Julian Mercer']
1771,1134,1229,['Andrew Marin']
1772,1212,1229,['Rupert Burns']
1774,1145,1231,['Rep. Charlie Wilson']
1775,1232,1231,['Joanne Herring']
1776,1220,1231,['Gust Avrakotos']
1778,1145,1233,"['Hero Boy', 'Father', 'Conductor', 'Hobo', 'Scrooge', 'Santa Claus']"
1780,1145,1234,['Jimmy Dugan']
1781,1236,1234,['Dottie Hinson']
1782,1237,1234,['Kit Keller']
1783,1151,1234,['Doris Murphy']
1784,1235,1234,"['""All the Way"" Mae Mordabito']"
1785,1218,1234,['Bob Hinson']
1798,1244,1243,['Ki Taek']
1799,1245,1243,['Dong Ik']
1800,1246,1243,['Yeon Kyo']
1801,1247,1243,['Ki Woo']
1802,1248,1243,['Ki Jung']
1803,1250,1249,['Arthur Fleck']
1804,1251,1249,['Murray Franklin']
1805,1252,1249,['Sophie Dumond']
1806,1254,1253,['Neo']
1807,1255,1253,['Trinity']
1808,1256,1253,['Morpheus']
1809,1257,1253,['Agent Smith']
1813,1261,1253,['Emil']
1814,1254,1262,['Neo']
1815,1255,1262,['Trinity']
1816,1256,1262,['Morpheus']
1817,1257,1262,['Agent Smith']
1821,1254,1263,['Neo']
1822,1255,1263,['Trinity']
1823,1256,1263,['Morpheus']
1824,1257,1263,['Agent Smith']
1828,1254,1264,['Kevin Lomax']
1829,1265,1264,['Mary Ann Lomax']
1830,1266,1264,['John Milton']
1832,1269,1268,['Lt. Daniel Kaffee']
1833,1270,1268,['Col. Nathan R. Jessup']
1834,1271,1268,['Lt. Cdr. JoAnne Galloway']
1835,1272,1268,['Capt. Jack Ross']
1836,1273,1268,['Lt. Jonathan Kendrick']
1837,1274,1268,['Cpl. Jeffrey Barnes']
1838,1275,1268,['Cpl. Carl Hammaker']
1839,1276,1268,['Lt. Sam Weinberg']
1840,1277,1268,['Lt. Col. Matthew Andrew Markinson']
1841,1278,1268,['Pfc. Louden Downey']
1842,1279,1268,['Dr. Stone']
1843,1281,1268,['Man in Bar']
1846,1269,1282,['Maverick']
1847,1283,1282,['Charlie']
1848,1284,1282,['Iceman']
1849,1285,1282,['Goose']
1850,1286,1282,['Viper']
1851,1287,1282,['Carole']
1854,1269,1290,['Jerry Maguire']
1855,1275,1290,['Rod Tidwell']
1856,1291,1290,['Dorothy Boyd']
1857,1292,1290,['Avery Bishop']
1858,1293,1290,['Frank Cushman']
1859,1294,1290,['Bob Sugar']
1860,1295,1290,['Laurel Boyd']
1861,1296,1290,['Marcee Tidwell']
1862,1297,1290,['Ray Boyd']
1866,1302,1299,['Gordie Lachance']
1867,1300,1299,['Chris Chambers']
1868,1293,1299,['Vern Tessio']
1869,1301,1299,['Teddy Duchamp']
1870,1303,1299,['Denny Lachance']
1871,1273,1299,['Ace Merrill']
1872,1304,1299,['Mr. Lachance']
1874,1270,1305,['Melvin Udall']
1875,1306,1305,['Carol Connelly']
1876,1307,1305,['Simon Bishop']
1877,1275,1305,['Frank Sachs']
1879,1313,1309,['Chris Nielsen']
1880,1275,1309,['Albert Lewis']
1881,1310,1309,['Annie Collins-Nielsen']
1882,1311,1309,['The Tracker']
1883,1312,1309,['The Face']
1885,1316,1315,['Ishmael Chambers']
1886,1317,1315,['Kazuo Miyamoto']
1887,1311,1315,['Nels Gudmundsson']
1888,1318,1315,['Judge Fielding']
1890,1324,1320,['Joe Fox']
1891,1287,1320,['Kathleen Kelly']
1892,1307,1320,['Frank Navasky']
1893,1321,1320,['Patricia Eden']
1894,1322,1320,['Kevin Jackson']
1895,1323,1320,['George Pappas']
1897,1324,1326,['Sam Baldwin']
1898,1287,1326,['Annie Reed']
1899,1327,1326,['Suzy']
1900,1328,1326,['Walter']
1901,1329,1326,['Greg']
1902,1330,1326,['Becky']
1904,1324,1331,['Joe Banks']
1905,1287,1331,"['DeDe', 'Angelica Graynamore', 'Patricia Graynamore']"
1906,1333,1331,['Baw']
1908,1335,1334,['Harry Burns']
1909,1287,1334,['Sally Albright']
1910,1336,1334,['Marie']
1911,1337,1334,['Jess']
1916,1324,1338,['Mr. White']
1917,1339,1338,['Faye Dolan']
1918,1265,1338,['Tina']
1920,1254,1340,['Shane Falco']
1921,1341,1340,['Annabelle Farrell']
1922,1342,1340,['Jimmy McGinty']
1923,1343,1340,['Clifford Franklin']
1925,1304,1345,['Admiral']
1926,1346,1345,['Dieter Dengler']
1927,1347,1345,['Squad Leader']
1928,1323,1345,['Duane']
1930,1313,1348,['Armand Goldman']
1931,1333,1348,['Albert Goldman']
1932,1342,1348,['Sen. Kevin Keeley']
1934,1351,1350,['English Bob']
1935,1352,1350,['Bill Munny']
1936,1342,1350,['Little Bill Daggett']
1938,1254,1353,['Johnny Mnemonic']
1939,1354,1353,['Takahashi']
1940,1355,1353,['Jane']
1941,1356,1353,['J-Bone']
1943,1324,1358,"['Zachry', 'Dr. Henry Goose', 'Isaac Sachs', 'Dermot Hoggins']"
1944,1257,1358,"['Bill Smoke', 'Haskell Moore', 'Tadeusz Kesselring', 'Nurse Noakes', 'Boardman Mephi', 'Old Georgie']"
1945,1359,1358,"['Luisa Rey', 'Jocasta Ayrs', 'Ovid', 'Meronym']"
1946,1360,1358,"['Vyvyan Ayrs', 'Captain Molyneux', 'Timothy Cavendish']"
1950,1324,1362,['Dr. Robert Langdon']
1951,1363,1362,['Sir Leight Teabing']
1952,1364,1362,['Sophie Neveu']
1953,1365,1362,['Silas']
1955,1257,1367,['V']
1956,1368,1367,['Evey Hammond']
1957,1369,1367,['Eric Finch']
1958,1370,1367,['High Chancellor Adam Sutler']
1959,1371,1367,['Dascomb']
1966,1373,1372,['Speed Racer']
1967,1374,1372,['Pops']
1968,1375,1372,['Mom']
1969,1376,1372,['Racer X']
1970,1377,1372,['Trixie']
1971,1378,1372,['Taejo Togokahn']
1972,1371,1372,['Cass Jones']
1978,1378,1379,['Raizo']
1979,1380,1379,['Mika Coretti']
1980,1317,1379,['Takeshi']
1981,1371,1379,['Ryan Maslow']
1986,1324,1381,['Paul Edgecomb']
1987,1382,1381,['John Coffey']
1988,1383,1381,"['Brutus ""Brutal"" Howell']"
1989,1295,1381,['Jan Edgecomb']
1990,1318,1381,['Warden Hal Moores']
1991,1384,1381,"['""Wild Bill"" Wharton']"
1992,1385,1381,['Burt Hammersmith']
1993,1386,1381,['Melinda Moores']
1995,1389,1388,['Richard Nixon']
1996,1390,1388,['David Frost']
1997,1272,1388,['Jack Brennan']
1998,1391,1388,['Bob Zelnick']
1999,1384,1388,"['James Reston, Jr.']"
2001,1270,1392,['Hoffa']
2002,1393,1392,"['Robert ""Bobby"" Ciaro']"
2003,1277,1392,['Frank Fitzsimmons']
2004,1394,1392,"['Peter ""Pete"" Connelly']"
2006,1324,1395,['Jim Lovell']
2007,1272,1395,['Jack Swigert']
2008,1396,1395,['Gene Kranz']
2009,1397,1395,['Fred Haise']
2010,1385,1395,['Ken Mattingly']
2012,1397,1398,['Bill Harding']
2013,1306,1398,['Dr. Jo Harding']
2014,1347,1398,['Eddie']
2015,1399,1398,"['Dustin ""Dusty"" Davis']"
2017,1324,1401,['Chuck Noland']
2018,1306,1401,['Kelly Frears']
2020,1270,1403,['Randle McMurphy']
2021,1393,1403,['Martini']
2023,1270,1405,['Harry Sanborn']
2024,1406,1405,['Erica Barry']
2025,1254,1405,['Julian Mercer']
2029,1313,1408,['Andrew Marin']
2030,1391,1408,['Rupert Burns']
2032,1324,1410,['Rep. Charlie Wilson']
2033,1411,1410,['Joanne Herring']
2034,1399,1410,['Gust Avrakotos']
2036,1324,1412,"['Hero Boy', 'Father', 'Conductor', 'Hobo', 'Scrooge', 'Santa Claus']"
2038,1324,1413,['Jimmy Dugan']
2039,1415,1413,['Dottie Hinson']
2040,1416,1413,['Kit Keller']
2041,1330,1413,['Doris Murphy']
2042,1414,1413,"['""All the Way"" Mae Mordabito']"
2043,1397,1413,['Bob Hinson']
2056,1423,1422,['Ki Taek']
2057,1424,1422,['Dong Ik']
2058,1425,1422,['Yeon Kyo']
2059,1426,1422,['Ki Woo']
2060,1427,1422,['Ki Jung']
2061,1429,1428,['Arthur Fleck']
2062,1430,1428,['Murray Franklin']
2063,1431,1428,['Sophie Dumond']
